Google,How would you design an ML system for quantum error correction?,Staff,Model Development & Selection,"Model Development & Selection,Performance Optimization & Scalability,Ethics & Responsible AI",Staff DS,DataCamp
Meta,Design an ML system for neural interface calibration,Staff,Ethics & Responsible AI,"Ethics & Responsible AI,Model Development & Selection,Feature Engineering & Data Strategy",Staff DS,DataCamp
Amazon,How would you build a space elevator optimization system?,Staff,ML System Design,"ML System Design & Architecture,Performance Optimization & Scalability,Model Development & Selection",Staff DS,DataCamp
Apple,Design an ML system for consciousness preservation,Staff,Ethics & Responsible AI,"Ethics & Responsible AI,Model Development & Selection,Experimentation & A/B Testing",Staff DS,DataCamp
Netflix,How would you implement dream content generation?,Staff,ML System Design,"ML System Design & Architecture,Ethics & Responsible AI,Model Development & Selection",Staff DS,DataCamp
Microsoft,Design an ML system for time travel paradox prevention,Staff,Ethics & Responsible AI,"Ethics & Responsible AI,Model Development & Selection,Experimentation & A/B Testing",Staff DS,DataCamp
Tesla,How would you build a planetary energy optimization system?,Staff,ML System Design,"ML System Design & Architecture,Model Development & Selection,Performance Optimization & Scalability",Staff DS,DataCamp
Uber,Design an ML system for wormhole transportation,Staff,ML System Design,"ML System Design & Architecture,Performance Optimization & Scalability,Ethics & Responsible AI",Staff DS,DataCamp
Airbnb,How would you implement interdimensional hospitality?,Staff,Ethics & Responsible AI,"Ethics & Responsible AI,ML System Design & Architecture,Business Impact & Communication",Staff DS,DataCamp
LinkedIn,Design an ML system for universal job matching,Staff,Ethics & Responsible AI,"Ethics & Responsible AI,Feature Engineering & Data Strategy,ML System Design & Architecture",Staff DS,DataCamp
Salesforce,How would you build an omnipotent CRM system?,Staff,Ethics & Responsible AI,"Ethics & Responsible AI,ML System Design & Architecture,Business Impact & Communication",Staff DS,DataCamp
Adobe,Design an ML system for reality editing,Staff,Ethics & Responsible AI,"Ethics & Responsible AI,Model Development & Selection,Feature Engineering & Data Strategy",Staff DS,DataCamp
Spotify,How would you implement cosmic music generation?,Staff,Ethics & Responsible AI,"Ethics & Responsible AI,ML System Design & Architecture,Model Development & Selection",Staff DS,DataCamp
Snowflake,Design an ML system for infinite data processing,Staff,Ethics & Responsible AI,"Ethics & Responsible AI,Performance Optimization & Scalability,MLOps & Model Deployment",Staff DS,DataCamp
Databricks,How would you build a sentient analytics platform?,Staff,Ethics & Responsible AI,"Ethics & Responsible AI,MLOps & Model Deployment,Performance Optimization & Scalability",Staff DS,DataCamp
MongoDB,Design an ML system for temporal data manipulation,Staff,Ethics & Responsible AI,"Ethics & Responsible AI,Model Development & Selection,Performance Optimization & Scalability",Staff DS,DataCamp
Elastic,How would you implement omnipresent search?,Staff,Ethics & Responsible AI,"Ethics & Responsible AI,ML System Design & Architecture,Performance Optimization & Scalability",Staff DS,DataCamp
Confluent,Design an ML system for consciousness streaming,Staff,Ethics & Responsible AI,"Ethics & Responsible AI,ML System Design & Architecture,Performance Optimization & Scalability",Staff DS,DataCamp
Palantir,How would you build a universal truth detector?,Staff,Ethics & Responsible AI,"Ethics & Responsible AI,Model Development & Selection,Feature Engineering & Data Strategy",Staff DS,DataCamp
Splunk,Design an ML system for existence monitoring,Staff,Ethics & Responsible AI,"Ethics & Responsible AI,Performance Optimization & Scalability,ML System Design & Architecture",Staff DS,DataCamp
Stripe,How would you implement infinite transaction processing?,Staff,Ethics & Responsible AI,"Ethics & Responsible AI,Model Development & Selection,Business Impact & Communication",Staff DS,DataCamp
Shopify,Design an ML system for universal commerce,Staff,Ethics & Responsible AI,"Ethics & Responsible AI,ML System Design & Architecture,Business Impact & Communication",Staff DS,DataCamp
DoorDash,How would you build an instant teleportation system?,Staff,Ethics & Responsible AI,"Ethics & Responsible AI,Performance Optimization & Scalability,ML System Design & Architecture",Staff DS,DataCamp
Instacart,Design an ML system for matter creation,Staff,Ethics & Responsible AI,"Ethics & Responsible AI,Model Development & Selection,Business Impact & Communication",Staff DS,DataCamp
Robinhood,How would you implement universal wealth optimization?,Staff,Ethics & Responsible AI,"Ethics & Responsible AI,Model Development & Selection,Business Impact & Communication",Staff DS,DataCamp
Coinbase,Design an ML system for reality-based currency,Staff,Ethics & Responsible AI,"Ethics & Responsible AI,Model Development & Selection,Performance Optimization & Scalability",Staff DS,DataCamp